elapsed_seconds,rss_mb,rss_delta_mb,processes
5,624.91,0.00,1
10,624.91,0.00,1
15,624.91,0.00,1
20,624.91,0.00,1
25,624.91,0.00,1
30,624.91,0.00,1
35,624.91,0.00,1
40,624.91,0.00,1
45,624.92,0.02,1
50,624.92,0.02,1
55,624.94,0.03,1
60,624.94,0.03,1
65,624.95,0.05,1
70,624.97,0.06,1
75,624.97,0.06,1
80,624.97,0.06,1
85,624.97,0.06,1
90,624.97,0.06,1
95,624.98,0.08,1
100,624.98,0.08,1
105,624.98,0.08,1
110,624.98,0.08,1
115,624.98,0.08,1
120,624.98,0.08,1
125,624.98,0.08,1
130,624.98,0.08,1
135,624.98,0.08,1
140,624.98,0.08,1
145,624.98,0.08,1
150,624.98,0.08,1
155,624.98,0.08,1
160,624.98,0.08,1
165,624.98,0.08,1
170,624.98,0.08,1
175,624.98,0.08,1
180,624.98,0.08,1
185,624.98,0.08,1
190,624.98,0.08,1
195,624.98,0.08,1
200,625.00,0.09,1
205,625.00,0.09,1
210,625.00,0.09,1
215,625.00,0.09,1
220,625.00,0.09,1
225,625.00,0.09,1
230,625.00,0.09,1
235,625.00,0.09,1
240,625.00,0.09,1
245,625.00,0.09,1
250,625.00,0.09,1
255,625.00,0.09,1
260,625.00,0.09,1
265,625.00,0.09,1
270,625.00,0.09,1
275,625.00,0.09,1
280,625.00,0.09,1
285,625.00,0.09,1
290,625.00,0.09,1
295,625.00,0.09,1
300,625.00,0.09,1
